{
  "version": 1,
  "author": "Vinicius Gaban",
  "editor": "wokwi",
  "parts": [
    { "type": "wokwi-breadboard", "id": "bb1", "top": -166.2, "left": -496.4, "attrs": {} },
    { "type": "board-esp32-devkit-c-v4", "id": "esp", "top": 76.8, "left": -388.76, "attrs": {} },
    {
      "type": "wokwi-led",
      "id": "led1",
      "top": -147.6,
      "left": -457,
      "attrs": { "color": "red" }
    },
    {
      "type": "wokwi-led",
      "id": "led2",
      "top": -147.6,
      "left": -274.6,
      "attrs": { "color": "blue" }
    },
    {
      "type": "wokwi-pushbutton",
      "id": "btn1",
      "top": 255.8,
      "left": -115.2,
      "attrs": { "color": "green" }
    },
    {
      "type": "wokwi-led",
      "id": "led3",
      "top": -157.2,
      "left": -92.2,
      "attrs": { "color": "orange" }
    },
    {
      "type": "wokwi-resistor",
      "id": "r3",
      "top": -54.2,
      "left": -96.85,
      "rotate": 270,
      "attrs": { "value": "220" }
    },
    {
      "type": "wokwi-resistor",
      "id": "r2",
      "top": -63.8,
      "left": -461.65,
      "rotate": 270,
      "attrs": { "value": "220" }
    },
    {
      "type": "wokwi-resistor",
      "id": "r1",
      "top": -63.8,
      "left": -279.25,
      "rotate": 270,
      "attrs": { "value": "220" }
    }
  ],
  "connections": [
    [ "esp:TX", "$serialMonitor:RX", "", [] ],
    [ "esp:RX", "$serialMonitor:TX", "", [] ],
    [ "esp:GND.1", "bb1:bn.1", "black", [ "v9.6", "h-56.65" ] ],
    [ "led1:A", "bb1:5t.b", "", [ "$bb" ] ],
    [ "led1:C", "bb1:4t.b", "", [ "$bb" ] ],
    [ "led2:A", "bb1:24t.b", "", [ "$bb" ] ],
    [ "led2:C", "bb1:23t.b", "", [ "$bb" ] ],
    [ "esp:GND.3", "bb1:bn.16", "black", [ "h0" ] ],
    [ "esp:5V", "bb1:bp.26", "red", [ "h0" ] ],
    [ "btn1:1.l", "esp:17", "green", [ "h0" ] ],
    [ "btn1:2.l", "bb1:bp.27", "green", [ "h0" ] ],
    [ "bb1:bn.20", "bb1:bn.33", "green", [ "v0" ] ],
    [ "led3:A", "bb1:43t.a", "", [ "$bb" ] ],
    [ "led3:C", "bb1:42t.a", "", [ "$bb" ] ],
    [ "r2:2", "led1:A", "green", [ "h0" ] ],
    [ "r2:1", "esp:33", "green", [ "v201.6", "h47.85" ] ],
    [ "bb1:bn.2", "led1:C", "green", [ "v0" ] ],
    [ "r2:1", "bb1:5b.h", "", [ "$bb" ] ],
    [ "r2:2", "bb1:5t.d", "", [ "$bb" ] ],
    [ "r1:1", "bb1:24b.h", "", [ "$bb" ] ],
    [ "r1:2", "bb1:24t.d", "", [ "$bb" ] ],
    [ "esp:21", "r1:1", "green", [ "h0" ] ],
    [ "r1:2", "led2:A", "green", [ "h0" ] ],
    [ "bb1:bn.18", "led2:C", "green", [ "v-135.7", "h-0.8" ] ],
    [ "led3:C", "bb1:bn.34", "green", [ "v0" ] ],
    [ "r3:1", "bb1:43b.i", "", [ "$bb" ] ],
    [ "r3:2", "bb1:43t.e", "", [ "$bb" ] ],
    [ "led3:A", "r3:2", "green", [ "v0" ] ],
    [ "r3:1", "esp:15", "green", [ "v268.8", "h-220.8" ] ]
  ],
  "dependencies": {}
}